{"cameraMode":{"drawMode":0,"name":"Shaded","section":"Shading Mode"},"sceneLighting":true,"audioPlay":false,"sceneViewState":{"showFog":true,"showMaterialUpdate":false,"showSkybox":true,"showFlares":true,"showImageEffects":true,"showParticleSystems":true},"in2DMode":false,"pivot":{"x":-10.011211395263672,"y":-5.4135966300964359,"z":0.16103386878967286},"rotation":{"x":-0.1742904931306839,"y":0.6614090800285339,"z":-0.16207505762577058,"w":-0.7112601399421692},"size":18.17238998413086,"orthographic":false}